{"val_acc": 0.9747899159663865, "test_acc": 0.9652309289050337, "train_acc": 0.96760710553814, "best_eval_acc": 0.9812108559498957, "best_test_acc": 0.9703125, "best_train_acc": 0.963401882188916, "lr": 0.00035747980394965924, "_timestamp": 1680695060.4473329, "_runtime": 1037.1107158660889, "_step": 1999, "_wandb": {"runtime": 1037}}