{"val_acc": 0.48323768377304077, "test_acc": 0.4478324353694916, "train_acc": 0.484687864780426, "best_val_acc": 0.48323768377304077, "best_test_acc": 0.4478324353694916, "best_train_acc": 0.484687864780426, "lr": 0.0005, "_timestamp": 1687967137.597439, "_runtime": 16.847458124160767, "_step": 1, "_wandb": {"runtime": 24}}