{"val_acc": 0.6687435098650052, "test_acc": 0.6435643564356436, "train_acc": 0.6771844660194175, "best_eval_acc": 0.7310126582278481, "best_test_acc": 0.694781233526621, "best_train_acc": 0.6980542043085476, "lr": 0.00035747980394965924, "_timestamp": 1680690255.1744523, "_runtime": 2139.2149002552032, "_step": 1999, "_wandb": {"runtime": 2139}}