{"val_acc": 0.9538300104931794, "test_acc": 0.9533298374410069, "train_acc": 0.9539588419951168, "best_eval_acc": 0.9714889123548046, "best_test_acc": 0.9557982319292772, "best_train_acc": 0.9464161447459986, "lr": 0.00035747980394965924, "_timestamp": 1680696727.2101908, "_runtime": 1658.1939177513123, "_step": 1999, "_wandb": {"runtime": 1658}}