{"val_acc": 0.7266571168120849, "test_acc": 0.7237081277590236, "train_acc": 0.7251987556170065, "best_eval_acc": 0.7398679269713841, "best_test_acc": 0.723438925824534, "best_train_acc": 0.729971867561134, "lr": 0.00035747980394965924, "_timestamp": 1680677388.5835588, "_runtime": 2152.9315826892853, "_step": 999, "_wandb": {"runtime": 2153}}