{"val_acc": 0.7126375812226495, "test_acc": 0.6970381192721476, "train_acc": 0.7073967763303157, "best_eval_acc": 0.7155696537139836, "best_test_acc": 0.7098122470642871, "best_train_acc": 0.7096317906555275, "lr": 0.00035747980394965924, "_timestamp": 1680673914.2458794, "_runtime": 257.13751435279846, "_step": 999, "_wandb": {"runtime": 256}}