{"val_acc": 0.7342436974789915, "test_acc": 0.7319480519480519, "train_acc": 0.7345225603357818, "best_eval_acc": 0.7752341311134235, "best_test_acc": 0.7351550183920126, "best_train_acc": 0.743949491406524, "lr": 0.00035747980394965924, "_timestamp": 1680676666.0056481, "_runtime": 1847.5839722156525, "_step": 1999, "_wandb": {"runtime": 1847}}