{"val_acc": 0.6231732776617954, "test_acc": 0.6406903765690377, "train_acc": 0.6423357664233577, "best_eval_acc": 0.7056962025316456, "best_test_acc": 0.6869158878504673, "best_train_acc": 0.656140350877193, "lr": 0.00035747980394965924, "_timestamp": 1680694007.1341202, "_runtime": 2688.005428314209, "_step": 1999, "_wandb": {"runtime": 2688}}