{"val_acc": 0.5449225306510925, "test_acc": 0.49892497062683105, "train_acc": 0.8289637565612793, "best_val_acc": 0.5667814016342163, "best_test_acc": 0.5217157602310181, "best_train_acc": 0.8328084945678711, "lr": 0.0003675459453124999, "_timestamp": 1687968963.1530201, "_runtime": 261.269305229187, "_step": 93, "_wandb": {"runtime": 262}}