{"val_acc": 0.8518518518518519, "test_acc": 0.8638961038961039, "train_acc": 0.8502785515320335, "best_eval_acc": 0.8928571428571429, "best_test_acc": 0.8544698544698545, "best_train_acc": 0.8585893854748603, "lr": 0.00035747980394965924, "_timestamp": 1680694568.2867472, "_runtime": 1912.032487154007, "_step": 1999, "_wandb": {"runtime": 1912}}