{"val_acc": 0.8275499474237644, "test_acc": 0.8373557187827911, "train_acc": 0.8285614525139665, "best_eval_acc": 0.8640167364016736, "best_test_acc": 0.8128930817610063, "best_train_acc": 0.8241451500348919, "lr": 0.00035747980394965924, "_timestamp": 1680695882.8945482, "_runtime": 1307.3704562187195, "_step": 1999, "_wandb": {"runtime": 1307}}