{"val_acc": 0.4331180085079565, "test_acc": 0.44625355674992095, "train_acc": 0.42869287991498406, "best_eval_acc": 0.47763095048559145, "best_test_acc": 0.44243524952621605, "best_train_acc": 0.4458373003279382, "lr": 0.00035747980394965924, "_timestamp": 1680678538.3680809, "_runtime": 1138.7108309268951, "_step": 999, "_wandb": {"runtime": 1139}}