{"val_acc": 0.37094929470072435, "test_acc": 0.36769694685261967, "train_acc": 0.3608701119074563, "best_eval_acc": 0.48157994682871247, "best_test_acc": 0.4251790425932906, "best_train_acc": 0.4433223933350164, "lr": 0.00035747980394965924, "_timestamp": 1680691880.0480685, "_runtime": 1423.1656484603882, "_step": 999, "_wandb": {"runtime": 1424}}