{"val_acc": 0.6763005780346821, "test_acc": 0.6701517505078265, "train_acc": 0.678960935950823, "best_eval_acc": 0.6966813369810871, "best_test_acc": 0.6827606812070511, "best_train_acc": 0.6776118223486645, "lr": 0.0007416006812042827, "_timestamp": 1680670488.668853, "_runtime": 97.10071206092834, "_step": 111, "_wandb": {"runtime": 97}}