{"val_acc": 0.7589473684210526, "test_acc": 0.7658128593831678, "train_acc": 0.7511359664452989, "best_eval_acc": 0.7981171548117155, "best_test_acc": 0.7502612330198537, "best_train_acc": 0.7608620090371915, "lr": 0.00035747980394965924, "_timestamp": 1680680674.9561024, "_runtime": 1429.6505672931671, "_step": 1999, "_wandb": {"runtime": 1429}}