{"val_acc": 0.6161280870437622, "test_acc": 0.5412011742591858, "train_acc": 0.994238018989563, "best_val_acc": 0.6338467597961426, "best_test_acc": 0.5657675266265869, "best_train_acc": 0.842293381690979, "lr": 0.0003317102156445311, "_timestamp": 1687967898.4161935, "_runtime": 729.6299364566803, "_step": 71, "_wandb": {"runtime": 730}}