{"val_acc": 0.5332162976264954, "test_acc": 0.4866468906402588, "train_acc": 0.5264708399772644, "best_val_acc": 0.5332162976264954, "best_test_acc": 0.4866468906402588, "best_train_acc": 0.5264708399772644, "lr": 0.003, "_timestamp": 1687963663.5459092, "_runtime": 6.881009101867676, "_step": 3, "_wandb": {"runtime": 7}}