{"val_acc": 0.6807511737089202, "test_acc": 0.6712697878073426, "train_acc": 0.6793893129770993, "best_eval_acc": 0.7185828877005348, "best_test_acc": 0.7029936091490078, "best_train_acc": 0.7091319052987599, "lr": 0.00035747980394965924, "_timestamp": 1680673131.9637973, "_runtime": 153.96047925949097, "_step": 999, "_wandb": {"runtime": 153}}