{"val_acc": 0.5347015857696533, "test_acc": 0.48499834537506104, "train_acc": 0.5425204634666443, "best_val_acc": 0.5347015857696533, "best_test_acc": 0.48499834537506104, "best_train_acc": 0.5425204634666443, "lr": 0.003, "_timestamp": 1687964963.9129117, "_runtime": 14.58467173576355, "_step": 9, "_wandb": {"runtime": 16}}