{"val_acc": 0.7949790794979079, "test_acc": 0.7966544694197596, "train_acc": 0.8074383037886688, "best_eval_acc": 0.8305785123966942, "best_test_acc": 0.7921875, "best_train_acc": 0.8010434782608695, "lr": 0.00035747980394965924, "_timestamp": 1680681710.9543543, "_runtime": 1230.9666113853455, "_step": 1999, "_wandb": {"runtime": 1230}}