{"val_acc": 0.8996897621509824, "test_acc": 0.909279419388284, "train_acc": 0.9127866574009729, "best_eval_acc": 0.9286463798530955, "best_test_acc": 0.9128151260504201, "best_train_acc": 0.9074844074844075, "lr": 0.00035747980394965924, "_timestamp": 1680698117.381192, "_runtime": 662.7864038944244, "_step": 1999, "_wandb": {"runtime": 662}}