{"val_acc": 0.8194297782470961, "test_acc": 0.7973043027475376, "train_acc": 0.7963283685486664, "best_eval_acc": 0.8394543546694648, "best_test_acc": 0.8010416666666667, "best_train_acc": 0.814931650893796, "lr": 0.00035747980394965924, "_timestamp": 1680675712.5444605, "_runtime": 1212.6901924610138, "_step": 1999, "_wandb": {"runtime": 1212}}