{"val_acc": 0.770199370409234, "test_acc": 0.79957805907173, "train_acc": 0.7793606671299513, "best_eval_acc": 0.8340336134453782, "best_test_acc": 0.778705636743215, "best_train_acc": 0.7850631136044881, "lr": 0.00035747980394965924, "_timestamp": 1680679215.4450765, "_runtime": 2057.8911895751953, "_step": 1999, "_wandb": {"runtime": 2058}}