{"val_acc": 0.5653524398803711, "test_acc": 0.5150840878486633, "train_acc": 0.58055579662323, "best_val_acc": 0.5653524398803711, "best_test_acc": 0.5150840878486633, "best_train_acc": 0.58055579662323, "lr": 0.003, "_timestamp": 1687964531.7637146, "_runtime": 16.087843656539917, "_step": 9, "_wandb": {"runtime": 17}}