{"val_acc": 0.6940686784599376, "test_acc": 0.6743095362167796, "train_acc": 0.682799442896936, "best_eval_acc": 0.7178423236514523, "best_test_acc": 0.7053898482469911, "best_train_acc": 0.677159846100035, "lr": 0.00035747980394965924, "_timestamp": 1680681205.0464435, "_runtime": 1979.561152458191, "_step": 1999, "_wandb": {"runtime": 1979}}