{"val_acc": 0.573123382226057, "test_acc": 0.5799718827727912, "train_acc": 0.5648275363366838, "best_eval_acc": 0.5923690450528131, "best_test_acc": 0.58302781971102, "best_train_acc": 0.5842801668344599, "lr": 0.0002219641176603649, "_timestamp": 1680671154.4638615, "_runtime": 368.31711053848267, "_step": 399, "_wandb": {"runtime": 368}}