{"val_acc": 0.7250786988457503, "test_acc": 0.7277951933124347, "train_acc": 0.7240541478653245, "best_eval_acc": 0.7824267782426778, "best_test_acc": 0.7221063607924921, "best_train_acc": 0.7309573724668065, "lr": 0.00035747980394965924, "_timestamp": 1680697022.4123113, "_runtime": 1131.1233003139496, "_step": 1999, "_wandb": {"runtime": 1131}}