{"val_acc": 0.7421577250073292, "test_acc": 0.7509930851846403, "train_acc": 0.7499877947566275, "best_eval_acc": 0.7604640916434131, "best_test_acc": 0.7441928202140828, "best_train_acc": 0.7396328029375765, "lr": 0.00035747980394965924, "_timestamp": 1680696185.869839, "_runtime": 729.9449908733368, "_step": 999, "_wandb": {"runtime": 729}}