{"val_acc": 0.7035096909376637, "test_acc": 0.6962524654832347, "train_acc": 0.6971166563795079, "best_eval_acc": 0.7183877766069547, "best_test_acc": 0.6968022108172128, "best_train_acc": 0.6901162282618194, "lr": 0.00035747980394965924, "_timestamp": 1680674307.9052422, "_runtime": 386.92992520332336, "_step": 999, "_wandb": {"runtime": 386}}