{"val_acc": 0.7225130890052356, "test_acc": 0.7267987486965589, "train_acc": 0.7344791301297791, "best_eval_acc": 0.7620545073375262, "best_test_acc": 0.7083769633507854, "best_train_acc": 0.722183344996501, "lr": 0.00035747980394965924, "_timestamp": 1680681906.7007065, "_runtime": 1222.6763994693756, "_step": 1999, "_wandb": {"runtime": 1222}}