{"val_acc": 0.6836688014638609, "test_acc": 0.6865128962617885, "train_acc": 0.6868985375464121, "best_eval_acc": 0.6999545040946314, "best_test_acc": 0.692035600182565, "best_train_acc": 0.6875761266747868, "lr": 0.0002219641176603649, "_timestamp": 1680670779.422013, "_runtime": 95.17139410972595, "_step": 399, "_wandb": {"runtime": 95}}