{"val_acc": 0.6879142575095191, "test_acc": 0.6939932791935032, "train_acc": 0.6942829231985859, "best_eval_acc": 0.7070099342381418, "best_test_acc": 0.6891061452513967, "best_train_acc": 0.6892765759478948, "lr": 0.0005923340096033704, "_timestamp": 1680672384.6035557, "_runtime": 51.52316379547119, "_step": 172, "_wandb": {"runtime": 51}}