{"val_acc": 0.15255743114608453, "test_acc": 0.14703656998738965, "train_acc": 0.1464593401975205, "best_eval_acc": 0.311622612874668, "best_test_acc": 0.30572726125898825, "best_train_acc": 0.3053955170528618, "lr": 0.00035747980394965924, "_timestamp": 1680686743.7179756, "_runtime": 2403.847441673279, "_step": 999, "_wandb": {"runtime": 2405}}