{"val_acc": 0.7303370786516854, "test_acc": 0.7369565217391304, "train_acc": 0.730499380932728, "best_eval_acc": 0.7518656716417911, "best_test_acc": 0.7259282567652612, "best_train_acc": 0.7328624844204403, "lr": 0.00035747980394965924, "_timestamp": 1680671954.6784537, "_runtime": 88.339195728302, "_step": 399, "_wandb": {"runtime": 88}}