{"val_acc": 0.2924819773429454, "test_acc": 0.29509906152241916, "train_acc": 0.29045643153526973, "best_eval_acc": 0.3442796610169492, "best_test_acc": 0.28854166666666664, "best_train_acc": 0.29368421052631577, "lr": 0.001, "_timestamp": 1680670294.2067275, "_runtime": 29.941765546798706, "_step": 248, "_wandb": {"runtime": 29}}