{"val_acc": 0.6030897207367796, "test_acc": 0.572022572022572, "train_acc": 0.5805878871572302, "best_eval_acc": 0.6030897207367796, "best_test_acc": 0.572022572022572, "best_train_acc": 0.5805878871572302, "lr": 0.000606399955103937, "_timestamp": 1680671197.6353858, "_runtime": 35.20036482810974, "_step": 78, "_wandb": {"runtime": 35}}