{"val_acc": 0.6431654676258993, "test_acc": 0.6212121212121212, "train_acc": 0.6122646064703042, "best_eval_acc": 0.6803519061583577, "best_test_acc": 0.618944323933478, "best_train_acc": 0.6110304789550073, "lr": 0.00035747980394965924, "_timestamp": 1680696902.2224793, "_runtime": 709.7188303470612, "_step": 999, "_wandb": {"runtime": 709}}