{"val_acc": 0.6326671261199173, "test_acc": 0.6438923395445134, "train_acc": 0.6330672748004561, "best_eval_acc": 0.6834482758620689, "best_test_acc": 0.6453706867099419, "best_train_acc": 0.6319018404907976, "lr": 0.00035747980394965924, "_timestamp": 1680684331.8388674, "_runtime": 843.6984124183655, "_step": 999, "_wandb": {"runtime": 843}}