{"val_acc": 0.6861924686192469, "test_acc": 0.7169712793733681, "train_acc": 0.7077513966480447, "best_eval_acc": 0.7625, "best_test_acc": 0.723504721930745, "best_train_acc": 0.7106441612125387, "lr": 0.00035747980394965924, "_timestamp": 1680696213.8673666, "_runtime": 1637.9558844566345, "_step": 1999, "_wandb": {"runtime": 1638}}