{"val_acc": 0.5243046283721924, "test_acc": 0.47873392701148987, "train_acc": 0.5298126935958862, "best_val_acc": 0.5243046283721924, "best_test_acc": 0.47873392701148987, "best_train_acc": 0.5298126935958862, "lr": 0.003, "_timestamp": 1687965019.1907973, "_runtime": 28.90445637702942, "_step": 9, "_wandb": {"runtime": 31}}