{"val_acc": 0.5260416666666666, "test_acc": 0.5672422815279958, "train_acc": 0.5434858539993014, "best_eval_acc": 0.694560669456067, "best_test_acc": 0.6622830089426618, "best_train_acc": 0.6367146367146367, "lr": 0.00035747980394965924, "_timestamp": 1680688107.1464133, "_runtime": 3453.715561389923, "_step": 1999, "_wandb": {"runtime": 3454}}