{"val_acc": 0.5529300570487976, "test_acc": 0.5030497908592224, "train_acc": 0.5661331415176392, "best_val_acc": 0.5529300570487976, "best_test_acc": 0.5030497908592224, "best_train_acc": 0.5661331415176392, "lr": 0.003, "_timestamp": 1687963697.0100868, "_runtime": 10.990460872650146, "_step": 9, "_wandb": {"runtime": 12}}