{"val_acc": 0.7927083333333333, "test_acc": 0.80741127348643, "train_acc": 0.8060062133241284, "best_eval_acc": 0.8469601677148847, "best_test_acc": 0.7990580847723705, "best_train_acc": 0.8038327526132404, "lr": 0.00035747980394965924, "_timestamp": 1680683022.391094, "_runtime": 1108.3997468948364, "_step": 1999, "_wandb": {"runtime": 1108}}