{"val_acc": 0.5469879508018494, "test_acc": 0.4948398172855377, "train_acc": 0.9397656321525574, "best_val_acc": 0.5659208297729492, "best_test_acc": 0.5237583518028259, "best_train_acc": 0.8076894879341125, "lr": 0.00014599451216938612, "_timestamp": 1687965919.9191737, "_runtime": 551.005176782608, "_step": 199, "_wandb": {"runtime": 553}}