{"val_acc": 0.9281183932346723, "test_acc": 0.928234677841802, "train_acc": 0.9328671328671329, "best_eval_acc": 0.9527806925498427, "best_test_acc": 0.9291297550807712, "best_train_acc": 0.9227036395147313, "lr": 0.00035747980394965924, "_timestamp": 1680699662.8884773, "_runtime": 357.7296233177185, "_step": 1999, "_wandb": {"runtime": 357}}