{"val_acc": 0.8663883089770354, "test_acc": 0.8656949505465903, "train_acc": 0.8572923935799023, "best_eval_acc": 0.8958333333333334, "best_test_acc": 0.8618871903004744, "best_train_acc": 0.864141765114663, "lr": 0.00035747980394965924, "_timestamp": 1680686835.6185544, "_runtime": 1582.7812502384186, "_step": 1999, "_wandb": {"runtime": 1582}}