{"val_acc": 0.7475277195085406, "test_acc": 0.7486953928731176, "train_acc": 0.7512415574096146, "best_eval_acc": 0.7597606581899775, "best_test_acc": 0.7432684418587305, "best_train_acc": 0.7357587839521555, "lr": 0.00035747980394965924, "_timestamp": 1680672053.73545, "_runtime": 91.49725198745728, "_step": 399, "_wandb": {"runtime": 91}}