{"val_acc": 0.6816069057104913, "test_acc": 0.6876968993533411, "train_acc": 0.6921671740935511, "best_eval_acc": 0.704098633788737, "best_test_acc": 0.6931846550719813, "best_train_acc": 0.6895864474339811, "lr": 0.00035747980394965924, "_timestamp": 1680693107.3287504, "_runtime": 1218.731915473938, "_step": 999, "_wandb": {"runtime": 1219}}