{"val_acc": 0.7597471022128557, "test_acc": 0.785378590078329, "train_acc": 0.7634709587123862, "best_eval_acc": 0.8168574401664932, "best_test_acc": 0.7611168562564633, "best_train_acc": 0.77997227997228, "lr": 0.00035747980394965924, "_timestamp": 1680684644.5998259, "_runtime": 1963.3163187503815, "_step": 1999, "_wandb": {"runtime": 1963}}