{"val_acc": 0.6830031282586028, "test_acc": 0.7008905185961236, "train_acc": 0.7034339229968782, "best_eval_acc": 0.7484342379958246, "best_test_acc": 0.675930781331935, "best_train_acc": 0.6950625869262865, "lr": 0.00035747980394965924, "_timestamp": 1680679234.317005, "_runtime": 2559.0904479026794, "_step": 1999, "_wandb": {"runtime": 2559}}