{"val_acc": 0.6958333333333333, "test_acc": 0.6720290607161391, "train_acc": 0.6675919500346982, "best_eval_acc": 0.7237394957983193, "best_test_acc": 0.6921465968586388, "best_train_acc": 0.670249653259362, "lr": 0.00035747980394965924, "_timestamp": 1680693057.9994528, "_runtime": 2436.197838783264, "_step": 1999, "_wandb": {"runtime": 2436}}