{"val_acc": 0.6636101650510873, "test_acc": 0.6736593680346139, "train_acc": 0.6677433435181144, "best_eval_acc": 0.7151832460732984, "best_test_acc": 0.696484375, "best_train_acc": 0.6915405476336278, "lr": 0.00035747980394965924, "_timestamp": 1680675227.0824153, "_runtime": 676.9679343700409, "_step": 999, "_wandb": {"runtime": 677}}