{"val_acc": 0.6151548624038696, "test_acc": 0.5408307909965515, "train_acc": 0.9920827746391296, "best_val_acc": 0.6376388669013977, "best_test_acc": 0.5808900594711304, "best_train_acc": 0.8390164971351624, "lr": 0.0003317102156445311, "_timestamp": 1687968665.773124, "_runtime": 736.1655640602112, "_step": 65, "_wandb": {"runtime": 738}}