{"val_acc": 0.7253886010362695, "test_acc": 0.718148725949038, "train_acc": 0.7272410184862226, "best_eval_acc": 0.7706131078224101, "best_test_acc": 0.706436420722135, "best_train_acc": 0.7301146231330323, "lr": 0.00035747980394965924, "_timestamp": 1680698546.1266422, "_runtime": 543.6406922340393, "_step": 1999, "_wandb": {"runtime": 543}}