{"val_acc": 0.7886888525186397, "test_acc": 0.7955806128944257, "train_acc": 0.7867412621067196, "best_eval_acc": 0.7955603293949158, "best_test_acc": 0.7864620938628158, "best_train_acc": 0.786346396965866, "lr": 0.00035747980394965924, "_timestamp": 1680671710.6627557, "_runtime": 129.10228776931763, "_step": 399, "_wandb": {"runtime": 129}}