{"val_acc": 0.5063462257385254, "test_acc": 0.4676063358783722, "train_acc": 0.5080907344818115, "best_val_acc": 0.5063462257385254, "best_test_acc": 0.4676063358783722, "best_train_acc": 0.5080907344818115, "lr": 0.003, "_timestamp": 1687963536.010331, "_runtime": 6.7329018115997314, "_step": 3, "_wandb": {"runtime": 7}}