{"val_acc": 0.557831346988678, "test_acc": 0.5113953948020935, "train_acc": 0.7481142282485962, "best_val_acc": 0.5629948377609253, "best_test_acc": 0.5241883397102356, "best_train_acc": 0.743537187576294, "lr": 0.00045125, "_timestamp": 1687969727.405343, "_runtime": 162.40448117256165, "_step": 61, "_wandb": {"runtime": 163}}