{"val_acc": 0.7855648535564853, "test_acc": 0.7786458333333334, "train_acc": 0.7741151977793199, "best_eval_acc": 0.8145833333333333, "best_test_acc": 0.7645516518091243, "best_train_acc": 0.7769684356573014, "lr": 0.00035747980394965924, "_timestamp": 1680691311.5535371, "_runtime": 1246.4141430854797, "_step": 1999, "_wandb": {"runtime": 1246}}