{"val_acc": 0.8718441625016019, "test_acc": 0.8681657565049791, "train_acc": 0.8701885817618187, "best_eval_acc": 0.8751451051205985, "best_test_acc": 0.8599489795918367, "best_train_acc": 0.86479559143919, "lr": 0.00035747980394965924, "_timestamp": 1680673447.4081109, "_runtime": 307.31005477905273, "_step": 999, "_wandb": {"runtime": 307}}