{"val_acc": 0.9884696016771488, "test_acc": 0.9807090719499478, "train_acc": 0.979670522257273, "best_eval_acc": 0.9926854754440961, "best_test_acc": 0.982803543512246, "best_train_acc": 0.9829565217391304, "lr": 0.00035747980394965924, "_timestamp": 1680687883.504572, "_runtime": 1040.9418578147888, "_step": 1999, "_wandb": {"runtime": 1040}}