{"val_acc": 0.6289791437980241, "test_acc": 0.6203446359088383, "train_acc": 0.6219330855018588, "best_eval_acc": 0.6681318681318681, "best_test_acc": 0.6111731843575419, "best_train_acc": 0.6074456321415407, "lr": 0.00035747980394965924, "_timestamp": 1680671422.9432144, "_runtime": 107.56498336791992, "_step": 399, "_wandb": {"runtime": 107}}