{"val_acc": 0.5519793629646301, "test_acc": 0.5175231099128723, "train_acc": 0.7723544239997864, "best_val_acc": 0.5559380650520325, "best_test_acc": 0.5182756185531616, "best_train_acc": 0.7392163872718811, "lr": 0.00040725312499999993, "_timestamp": 1687966861.9034173, "_runtime": 180.25846433639526, "_step": 69, "_wandb": {"runtime": 180}}