{"val_acc": 0.7060773480662983, "test_acc": 0.712800875273523, "train_acc": 0.7020036429872496, "best_eval_acc": 0.740499457111835, "best_test_acc": 0.6851343938562808, "best_train_acc": 0.6982162358937022, "lr": 0.00035747980394965924, "_timestamp": 1680694657.893403, "_runtime": 667.2746019363403, "_step": 999, "_wandb": {"runtime": 667}}