{"val_acc": 0.659043659043659, "test_acc": 0.6465968586387435, "train_acc": 0.665045170257123, "best_eval_acc": 0.7229166666666667, "best_test_acc": 0.6575773466177242, "best_train_acc": 0.6622516556291391, "lr": 0.00035747980394965924, "_timestamp": 1680692646.6241179, "_runtime": 2383.459119796753, "_step": 1999, "_wandb": {"runtime": 2383}}