{"val_acc": 0.7975159954836282, "test_acc": 0.7898509715148085, "train_acc": 0.7987562189054727, "best_eval_acc": 0.8075485799701047, "best_test_acc": 0.7883280165134171, "best_train_acc": 0.7934295669487307, "lr": 0.00035747980394965924, "_timestamp": 1680697503.9670591, "_runtime": 595.901043176651, "_step": 999, "_wandb": {"runtime": 595}}