{"val_acc": 0.7292959878879637, "test_acc": 0.7360679354007127, "train_acc": 0.7313545656117718, "best_eval_acc": 0.7523477734019994, "best_test_acc": 0.7357544446132807, "best_train_acc": 0.7322296476306197, "lr": 0.00035747980394965924, "_timestamp": 1680687519.9799085, "_runtime": 765.9660184383392, "_step": 999, "_wandb": {"runtime": 766}}