{"val_acc": 0.7749737118822292, "test_acc": 0.7753510140405616, "train_acc": 0.7684283727399166, "best_eval_acc": 0.8148914167528438, "best_test_acc": 0.7787656903765691, "best_train_acc": 0.7657500870170554, "lr": 0.00035747980394965924, "_timestamp": 1680697447.468572, "_runtime": 1226.5697238445282, "_step": 1999, "_wandb": {"runtime": 1226}}