{"val_acc": 0.6796823295830576, "test_acc": 0.6918011195258479, "train_acc": 0.6749672346002621, "best_eval_acc": 0.7278067885117493, "best_test_acc": 0.6949040370615487, "best_train_acc": 0.6892904363155575, "lr": 0.00035747980394965924, "_timestamp": 1680682515.6042142, "_runtime": 535.7619132995605, "_step": 999, "_wandb": {"runtime": 535}}