{"val_acc": 0.30995297805642635, "test_acc": 0.31336004180456367, "train_acc": 0.30474850190666425, "best_eval_acc": 0.5432566649242028, "best_test_acc": 0.5394506648005598, "best_train_acc": 0.5456935630099728, "lr": 0.0010157705973710446, "_timestamp": 1680669102.166565, "_runtime": 176.33485293388367, "_step": 105, "_wandb": {"runtime": 177}}