{"val_acc": 0.8649214659685864, "test_acc": 0.8483585200625325, "train_acc": 0.8539130434782609, "best_eval_acc": 0.8840885142255005, "best_test_acc": 0.8621227887617066, "best_train_acc": 0.8546148507980569, "lr": 0.00035747980394965924, "_timestamp": 1680684046.4208558, "_runtime": 1096.9040668010712, "_step": 1999, "_wandb": {"runtime": 1096}}