{"val_acc": 0.7590087816695266, "test_acc": 0.7568879640953183, "train_acc": 0.7559038090020472, "best_eval_acc": 0.7590087816695266, "best_test_acc": 0.7568879640953183, "best_train_acc": 0.7559038090020472, "lr": 0.0015076659903966296, "_timestamp": 1680671344.2913384, "_runtime": 201.69891047477722, "_step": 46, "_wandb": {"runtime": 204}}