{"val_acc": 0.7455191823433566, "test_acc": 0.7409616101379053, "train_acc": 0.73987090367428, "best_eval_acc": 0.7536427820339492, "best_test_acc": 0.7438552063161031, "best_train_acc": 0.733947249887393, "lr": 0.00035747980394965924, "_timestamp": 1680693979.05604, "_runtime": 864.8406529426575, "_step": 999, "_wandb": {"runtime": 865}}