{"val_acc": 0.7196569920844327, "test_acc": 0.7101097024239638, "train_acc": 0.7165648485913946, "best_eval_acc": 0.7276223312558017, "best_test_acc": 0.7131228906094897, "best_train_acc": 0.7092133051742344, "lr": 0.00035747980394965924, "_timestamp": 1680672326.099193, "_runtime": 99.96988701820374, "_step": 399, "_wandb": {"runtime": 99}}