{"val_acc": 0.09114231914281845, "test_acc": 0.08391031622886658, "train_acc": 0.0936153382062912, "best_val_acc": 0.09114231914281845, "best_test_acc": 0.08391031622886658, "best_train_acc": 0.0936153382062912, "lr": 0.00285, "_timestamp": 1687965112.63298, "_runtime": 60.16737222671509, "_step": 9, "_wandb": {"runtime": 65}}