{"val_acc": 0.6556603773584906, "test_acc": 0.6595140422846324, "train_acc": 0.6715336134453781, "best_eval_acc": 0.6869893148962917, "best_test_acc": 0.6682965299684542, "best_train_acc": 0.6644681742043551, "lr": 0.00035747980394965924, "_timestamp": 1680674540.0089915, "_runtime": 223.16834139823914, "_step": 999, "_wandb": {"runtime": 223}}