{"val_acc": 0.717391304347826, "test_acc": 0.7026534332590643, "train_acc": 0.7044599677592692, "best_eval_acc": 0.7274200081004455, "best_test_acc": 0.6984833164812942, "best_train_acc": 0.7086709886547812, "lr": 0.00035747980394965924, "_timestamp": 1680672128.3662376, "_runtime": 69.16249656677246, "_step": 399, "_wandb": {"runtime": 68}}