{"val_acc": 0.8640860215053764, "test_acc": 0.8539179509442153, "train_acc": 0.8550996821727824, "best_eval_acc": 0.8640860215053764, "best_test_acc": 0.8539179509442153, "best_train_acc": 0.8550996821727824, "lr": 0.00035747980394965924, "_timestamp": 1680672971.7475276, "_runtime": 207.54070568084717, "_step": 999, "_wandb": {"runtime": 207}}