{"val_acc": 0.9157127991675338, "test_acc": 0.9190451478982875, "train_acc": 0.9029126213592233, "best_eval_acc": 0.9257322175732218, "best_test_acc": 0.9101827676240208, "best_train_acc": 0.8967184801381692, "lr": 0.00035747980394965924, "_timestamp": 1680690054.6554778, "_runtime": 1172.1742677688599, "_step": 1999, "_wandb": {"runtime": 1172}}