{"val_acc": 0.6882168925964547, "test_acc": 0.6524453694068678, "train_acc": 0.6401950539881575, "best_eval_acc": 0.7090336134453782, "best_test_acc": 0.6354602510460251, "best_train_acc": 0.6444986072423399, "lr": 0.00035747980394965924, "_timestamp": 1680685106.108856, "_runtime": 2075.469542980194, "_step": 1999, "_wandb": {"runtime": 2076}}