{"val_acc": 0.5580610036849976, "test_acc": 0.5101384520530701, "train_acc": 0.5643742680549622, "best_val_acc": 0.5584661364555359, "best_test_acc": 0.5118694305419922, "best_train_acc": 0.5561516284942627, "lr": 0.003, "_timestamp": 1687963969.4325676, "_runtime": 11.138522624969482, "_step": 9, "_wandb": {"runtime": 12}}