{"val_acc": 0.987434554973822, "test_acc": 0.9791449426485923, "train_acc": 0.9795138888888889, "best_eval_acc": 0.9927536231884058, "best_test_acc": 0.982839313572543, "best_train_acc": 0.9836350974930362, "lr": 0.00035747980394965924, "_timestamp": 1680688868.6222649, "_runtime": 975.4050197601318, "_step": 1999, "_wandb": {"runtime": 975}}