{"val_acc": 0.9421487603305785, "test_acc": 0.9455212152959664, "train_acc": 0.9407279029462738, "best_eval_acc": 0.9613375130616509, "best_test_acc": 0.9455782312925171, "best_train_acc": 0.938083708059495, "lr": 0.00035747980394965924, "_timestamp": 1680699298.9254627, "_runtime": 241.7711217403412, "_step": 1999, "_wandb": {"runtime": 241}}