{"val_acc": 0.6848084010703287, "test_acc": 0.6828397800713804, "train_acc": 0.6825735410691379, "best_eval_acc": 0.6848084010703287, "best_test_acc": 0.6828397800713804, "best_train_acc": 0.6825735410691379, "lr": 0.0004936000448960632, "_timestamp": 1680671074.2838852, "_runtime": 279.1856052875519, "_step": 32, "_wandb": {"runtime": 280}}