{"val_acc": 0.7654320987654321, "test_acc": 0.7562630480167014, "train_acc": 0.7581924801655744, "best_eval_acc": 0.7972831765935214, "best_test_acc": 0.7437369519832986, "best_train_acc": 0.7521663778162911, "lr": 0.00035747980394965924, "_timestamp": 1680682671.7517154, "_runtime": 1458.4394195079803, "_step": 1999, "_wandb": {"runtime": 1458}}