{"val_acc": 0.8415049816465653, "test_acc": 0.8353618636304149, "train_acc": 0.8357754684986304, "best_eval_acc": 0.8415049816465653, "best_test_acc": 0.8353618636304149, "best_train_acc": 0.8357754684986304, "lr": 0.00035747980394965924, "_timestamp": 1680671857.4263692, "_runtime": 137.9403281211853, "_step": 399, "_wandb": {"runtime": 137}}