{"val_acc": 0.12324672338468613, "test_acc": 0.12714895580939195, "train_acc": 0.1349486275111179, "best_eval_acc": 0.32390154129284565, "best_test_acc": 0.31294009003809303, "best_train_acc": 0.31807044410413476, "lr": 0.00035747980394965924, "_timestamp": 1680690447.8342087, "_runtime": 1519.8224837779999, "_step": 999, "_wandb": {"runtime": 1520}}