{"val_acc": 0.10386201724784402, "test_acc": 0.09171541800339687, "train_acc": 0.09462365591397849, "best_eval_acc": 0.2071698113207547, "best_test_acc": 0.2050656660412758, "best_train_acc": 0.20229681978798586, "lr": 0.00035747980394965924, "_timestamp": 1680683479.8824165, "_runtime": 956.4205644130707, "_step": 999, "_wandb": {"runtime": 956}}