{"val_acc": 0.30934343434343436, "test_acc": 0.30522765598650925, "train_acc": 0.3049583150504607, "best_eval_acc": 0.3484276729559748, "best_test_acc": 0.31150293870696893, "best_train_acc": 0.3069523393091386, "lr": 0.004369094211857378, "_timestamp": 1680668915.4943469, "_runtime": 57.45031976699829, "_step": 36, "_wandb": {"runtime": 58}}