{"val_acc": 0.8726221079691516, "test_acc": 0.8689851693543165, "train_acc": 0.8719622155431516, "best_eval_acc": 0.8773911927076646, "best_test_acc": 0.8723321942098137, "best_train_acc": 0.8704714005626119, "lr": 0.00035747980394965924, "_timestamp": 1680681263.267986, "_runtime": 1269.9669041633606, "_step": 999, "_wandb": {"runtime": 1270}}