{"val_acc": 0.10292072322670376, "test_acc": 0.1105702364394993, "train_acc": 0.10674418604651163, "best_eval_acc": 0.3543417366946779, "best_test_acc": 0.350418410041841, "best_train_acc": 0.3492655630683143, "lr": 0.00035747980394965924, "_timestamp": 1680679986.4531753, "_runtime": 739.8311042785645, "_step": 999, "_wandb": {"runtime": 739}}