{"val_acc": 0.7838483865460133, "test_acc": 0.7767910511484929, "train_acc": 0.7828305998394312, "best_eval_acc": 0.795845394176741, "best_test_acc": 0.7831522676323504, "best_train_acc": 0.777077298801613, "lr": 0.0017003197506322543, "_timestamp": 1680671526.345234, "_runtime": 88.04547190666199, "_step": 264, "_wandb": {"runtime": 87}}