{"val_acc": 0.5487090945243835, "test_acc": 0.49193722009658813, "train_acc": 0.8286342024803162, "best_val_acc": 0.5580034255981445, "best_test_acc": 0.5027951002120972, "best_train_acc": 0.785097062587738, "lr": 0.0009220706031750709, "_timestamp": 1687970255.8720927, "_runtime": 507.8366596698761, "_step": 199, "_wandb": {"runtime": 510}}