{"val_acc": 0.5160935117736744, "test_acc": 0.5192698915009042, "train_acc": 0.5269625176803394, "best_eval_acc": 0.574154159247011, "best_test_acc": 0.5605383701860545, "best_train_acc": 0.5560736630858222, "lr": 0.004752613360087727, "_timestamp": 1680669574.1428404, "_runtime": 254.2439112663269, "_step": 179, "_wandb": {"runtime": 255}}