{"val_acc": 0.71939586645469, "test_acc": 0.7174484459258055, "train_acc": 0.7188371928333688, "best_eval_acc": 0.71939586645469, "best_test_acc": 0.7174484459258055, "best_train_acc": 0.7188371928333688, "lr": 0.001, "_timestamp": 1680669661.8540316, "_runtime": 66.82891154289246, "_step": 38, "_wandb": {"runtime": 135}}