{"val_acc": 0.337115079164505, "test_acc": 0.32404008507728577, "train_acc": 0.33273395895957947, "best_val_acc": 0.337115079164505, "best_test_acc": 0.32404008507728577, "best_train_acc": 0.33273395895957947, "lr": 0.003, "_timestamp": 1687964609.6534915, "_runtime": 13.99024248123169, "_step": 9, "_wandb": {"runtime": 15}}