{"val_acc": 0.6926290659504626, "test_acc": 0.67889634601044, "train_acc": 0.6797803295057414, "best_eval_acc": 0.7028076463560334, "best_test_acc": 0.688625450180072, "best_train_acc": 0.6770916334661354, "lr": 0.00035747980394965924, "_timestamp": 1680688919.0524647, "_runtime": 691.8429417610168, "_step": 999, "_wandb": {"runtime": 691}}