{"val_acc": 0.7502623294858342, "test_acc": 0.7253151260504201, "train_acc": 0.7431447414092329, "best_eval_acc": 0.7891440501043842, "best_test_acc": 0.7390167364016736, "best_train_acc": 0.7348981705212289, "lr": 0.00035747980394965924, "_timestamp": 1680677520.2539823, "_runtime": 1793.828438282013, "_step": 1999, "_wandb": {"runtime": 1794}}