{"val_acc": 0.7653491941673062, "test_acc": 0.7672495723246531, "train_acc": 0.75867317815691, "best_eval_acc": 0.7756531616811814, "best_test_acc": 0.7659231134314191, "best_train_acc": 0.7598657122949262, "lr": 0.00035747980394965924, "_timestamp": 1680681970.8805017, "_runtime": 690.7332007884979, "_step": 999, "_wandb": {"runtime": 690}}