{"val_acc": 0.3155241935483871, "test_acc": 0.31476030277544154, "train_acc": 0.3174423859014912, "best_eval_acc": 0.3205902079141516, "best_test_acc": 0.3110318791946309, "best_train_acc": 0.3164929768917082, "lr": 0.0025026202256702903, "_timestamp": 1680668689.644351, "_runtime": 21.364310026168823, "_step": 2, "_wandb": {"runtime": 26}}