{"val_acc": 0.627629513343799, "test_acc": 0.62378106322743, "train_acc": 0.641438032166509, "best_eval_acc": 0.6526249607041811, "best_test_acc": 0.64513079104948, "best_train_acc": 0.6296412838263058, "lr": 0.0033747626291714496, "_timestamp": 1680667903.6181653, "_runtime": 446.99306535720825, "_step": 199, "_wandb": {"runtime": 448}}