{"val_acc": 0.7881002087682673, "test_acc": 0.80429094714809, "train_acc": 0.8007676203768318, "best_eval_acc": 0.8289611752360966, "best_test_acc": 0.7780665280665281, "best_train_acc": 0.783755640402638, "lr": 0.00035747980394965924, "_timestamp": 1680688608.453787, "_runtime": 1491.6405851840973, "_step": 1999, "_wandb": {"runtime": 1491}}