{"val_acc": 0.7643979057591623, "test_acc": 0.7471264367816092, "train_acc": 0.7382690302398331, "best_eval_acc": 0.7901878914405011, "best_test_acc": 0.7313510693792384, "best_train_acc": 0.7415298637792526, "lr": 0.00035747980394965924, "_timestamp": 1680677147.7399929, "_runtime": 2139.1015708446503, "_step": 1999, "_wandb": {"runtime": 2139}}