{"val_acc": 0.3188989593823431, "test_acc": 0.3069016152716593, "train_acc": 0.31307988232631817, "best_eval_acc": 0.32166890982503366, "best_test_acc": 0.3233382260431956, "best_train_acc": 0.3143374038896427, "lr": 0.002032690407508949, "_timestamp": 1680668829.9093297, "_runtime": 61.7100715637207, "_step": 10, "_wandb": {"runtime": 64}}