{"val_acc": 0.7255416940249507, "test_acc": 0.6977011494252874, "train_acc": 0.6907858782380588, "best_eval_acc": 0.7255416940249507, "best_test_acc": 0.6977011494252874, "best_train_acc": 0.6907858782380588, "lr": 0.00035747980394965924, "_timestamp": 1680673650.1766818, "_runtime": 196.09513187408447, "_step": 999, "_wandb": {"runtime": 195}}