{"val_acc": 0.4607379375591296, "test_acc": 0.4526878340144609, "train_acc": 0.4747093936537857, "best_eval_acc": 0.4607379375591296, "best_test_acc": 0.4526878340144609, "best_train_acc": 0.4747093936537857, "lr": 0.001247386639912273, "_timestamp": 1680667438.5479295, "_runtime": 5.687042474746704, "_step": 1, "_wandb": {"runtime": 6}}