{"val_acc": 0.46120012566760915, "test_acc": 0.461175730902232, "train_acc": 0.45577588920365125, "best_eval_acc": 0.46120012566760915, "best_test_acc": 0.461175730902232, "best_train_acc": 0.45577588920365125, "lr": 0.001247386639912273, "_timestamp": 1680667398.1583369, "_runtime": 5.704086780548096, "_step": 1, "_wandb": {"runtime": 6}}