{"val_acc": 0.6761609661144877, "test_acc": 0.6758105396557187, "train_acc": 0.6733926695781967, "best_eval_acc": 0.6806739345887017, "best_test_acc": 0.6758740889405302, "best_train_acc": 0.6722966441099296, "lr": 0.00099202926282791, "_timestamp": 1680670210.650483, "_runtime": 533.0958559513092, "_step": 292, "_wandb": {"runtime": 1067}}