{"val_acc": 0.7598366740905717, "test_acc": 0.7587883320867614, "train_acc": 0.7507440476190477, "best_eval_acc": 0.7797685703620754, "best_test_acc": 0.7597828122074518, "best_train_acc": 0.7648373479016638, "lr": 0.00035747980394965924, "_timestamp": 1680679238.4132543, "_runtime": 692.2646563053131, "_step": 999, "_wandb": {"runtime": 692}}