{"val_acc": 0.71875, "test_acc": 0.7213541666666666, "train_acc": 0.7247483512669212, "best_eval_acc": 0.7572916666666667, "best_test_acc": 0.721584984358707, "best_train_acc": 0.7292243767313019, "lr": 0.00035747980394965924, "_timestamp": 1680690611.5064712, "_runtime": 1987.7504892349243, "_step": 1999, "_wandb": {"runtime": 1986}}