{"val_acc": 0.43664921465968587, "test_acc": 0.4616193480546793, "train_acc": 0.41103017689906346, "best_eval_acc": 0.45881126173096975, "best_test_acc": 0.48175182481751827, "best_train_acc": 0.44386694386694386, "lr": 0.000384343951291895, "_timestamp": 1680670350.0426822, "_runtime": 8.926732063293457, "_step": 56, "_wandb": {"runtime": 8}}