{"val_acc": 0.5700934579439252, "test_acc": 0.5915049816465653, "train_acc": 0.5851877607788595, "best_eval_acc": 0.6161087866108786, "best_test_acc": 0.5617446137677351, "best_train_acc": 0.5686478971150504, "lr": 0.0002219641176603649, "_timestamp": 1680670382.271645, "_runtime": 19.361631155014038, "_step": 69, "_wandb": {"runtime": 19}}