{"val_acc": 0.6072507552870091, "test_acc": 0.6028517508911722, "train_acc": 0.5950226244343891, "best_eval_acc": 0.6072507552870091, "best_test_acc": 0.6028517508911722, "best_train_acc": 0.5950226244343891, "lr": 0.004274847979497379, "_timestamp": 1680668653.474788, "_runtime": 87.96760892868042, "_step": 15, "_wandb": {"runtime": 89}}