{"val_acc": 0.7186192468619247, "test_acc": 0.7310308738880168, "train_acc": 0.7258566978193146, "best_eval_acc": 0.7718191377497371, "best_test_acc": 0.7074688796680498, "best_train_acc": 0.7309039943938332, "lr": 0.00035747980394965924, "_timestamp": 1680682942.152222, "_runtime": 1221.4033329486847, "_step": 1999, "_wandb": {"runtime": 1221}}