{"val_acc": 0.6579497907949791, "test_acc": 0.6548856548856549, "train_acc": 0.6444444444444445, "best_eval_acc": 0.728421052631579, "best_test_acc": 0.7108684347373895, "best_train_acc": 0.7031086273140063, "lr": 0.00035747980394965924, "_timestamp": 1680699051.144795, "_runtime": 927.1902220249176, "_step": 1999, "_wandb": {"runtime": 927}}