{"val_acc": 0.5550774335861206, "test_acc": 0.5180606245994568, "train_acc": 0.7081288695335388, "best_val_acc": 0.5600688457489014, "best_test_acc": 0.5212857723236084, "best_train_acc": 0.7053826451301575, "lr": 0.000475, "_timestamp": 1687967016.4777648, "_runtime": 135.6995267868042, "_step": 53, "_wandb": {"runtime": 136}}