{"val_acc": 0.721875, "test_acc": 0.7317708333333334, "train_acc": 0.7287719298245614, "best_eval_acc": 0.7669801462904912, "best_test_acc": 0.7205422314911366, "best_train_acc": 0.7139381299965242, "lr": 0.00035747980394965924, "_timestamp": 1680687107.3523474, "_runtime": 1992.6599442958832, "_step": 1999, "_wandb": {"runtime": 1992}}