{"val_acc": 0.6623600344530577, "test_acc": 0.6619354838709678, "train_acc": 0.6563211845102506, "best_eval_acc": 0.7303370786516854, "best_test_acc": 0.6710582235444114, "best_train_acc": 0.6612627986348123, "lr": 0.00035747980394965924, "_timestamp": 1680695450.0104213, "_runtime": 782.8446393013, "_step": 999, "_wandb": {"runtime": 782}}