{"val_acc": 0.6595560680311329, "test_acc": 0.650492364778079, "train_acc": 0.6467762083213222, "best_eval_acc": 0.6722494946578111, "best_test_acc": 0.6671005061460593, "best_train_acc": 0.6609129267357116, "lr": 0.00035747980394965924, "_timestamp": 1680688220.1956658, "_runtime": 692.4866297245026, "_step": 999, "_wandb": {"runtime": 692}}