{"val_acc": 0.4484924623115578, "test_acc": 0.4594594594594595, "train_acc": 0.4728877679697352, "best_eval_acc": 0.4484924623115578, "best_test_acc": 0.4594594594594595, "best_train_acc": 0.4728877679697352, "lr": 0.001247386639912273, "_timestamp": 1680667359.852161, "_runtime": 5.829707860946655, "_step": 1, "_wandb": {"runtime": 7}}