{"val_acc": 0.7313746065057712, "test_acc": 0.7721123829344433, "train_acc": 0.7610128338536247, "best_eval_acc": 0.7970557308096741, "best_test_acc": 0.7599164926931107, "best_train_acc": 0.7567662565905097, "lr": 0.00035747980394965924, "_timestamp": 1680694564.6621325, "_runtime": 1490.789300441742, "_step": 1999, "_wandb": {"runtime": 1490}}