{"val_acc": 0.4617801047120419, "test_acc": 0.43021432305279667, "train_acc": 0.44092018124782156, "best_eval_acc": 0.6631243358129649, "best_test_acc": 0.6127858627858628, "best_train_acc": 0.63674467341949, "lr": 0.00035747980394965924, "_timestamp": 1680680471.3938558, "_runtime": 2943.7440898418427, "_step": 1999, "_wandb": {"runtime": 2944}}