{"val_acc": 0.2895069532237674, "test_acc": 0.314070351758794, "train_acc": 0.2919227392449517, "best_eval_acc": 0.32575757575757575, "best_test_acc": 0.30904522613065327, "best_train_acc": 0.31643356643356646, "lr": 0.00103548384408485, "_timestamp": 1680668851.3440883, "_runtime": 10.584193229675293, "_step": 5, "_wandb": {"runtime": 11}}