{"val_acc": 0.5471239686012268, "test_acc": 0.5059347152709961, "train_acc": 0.5504792928695679, "best_val_acc": 0.5483391880989075, "best_test_acc": 0.49447742104530334, "best_train_acc": 0.5357928276062012, "lr": 0.003, "_timestamp": 1687964870.969059, "_runtime": 18.290153980255127, "_step": 9, "_wandb": {"runtime": 19}}