{"val_acc": 0.7383177570093458, "test_acc": 0.7277486910994765, "train_acc": 0.7525129982668978, "best_eval_acc": 0.78125, "best_test_acc": 0.72840790842872, "best_train_acc": 0.7378303198887344, "lr": 0.00035747980394965924, "_timestamp": 1680697994.074111, "_runtime": 965.0805430412292, "_step": 1999, "_wandb": {"runtime": 965}}