{"val_acc": 0.6617790811339198, "test_acc": 0.6594921402660218, "train_acc": 0.6637554585152838, "best_eval_acc": 0.6858817782120176, "best_test_acc": 0.6663407479833782, "best_train_acc": 0.6715981141277841, "lr": 0.00035747980394965924, "_timestamp": 1680672215.485218, "_runtime": 80.31336808204651, "_step": 399, "_wandb": {"runtime": 80}}