{"val_acc": 0.5287958115183246, "test_acc": 0.5150884495317378, "train_acc": 0.5082815734989649, "best_eval_acc": 0.535490605427975, "best_test_acc": 0.5146443514644351, "best_train_acc": 0.48909657320872274, "lr": 0.0006619104492241846, "_timestamp": 1680670320.2405858, "_runtime": 19.67914891242981, "_step": 154, "_wandb": {"runtime": 19}}