{"val_acc": 0.821917808219178, "test_acc": 0.8440748440748441, "train_acc": 0.8353851565247977, "best_eval_acc": 0.8707983193277311, "best_test_acc": 0.8247529901196048, "best_train_acc": 0.8501219937260369, "lr": 0.00035747980394965924, "_timestamp": 1680685245.5738819, "_runtime": 1190.322637796402, "_step": 1999, "_wandb": {"runtime": 1190}}